X,river,site,year_from,year_to,year1_channel_area_m2,year2_channel_area_m2,deposition_area,erosion_area,net_change,year1_channel_length_m,year2_channel_length_m,year1_sdi,year2_sdi,sdi_change,year1_complexity,year2_complexity,complexity_change,year1_sinuosity,year2_sinuosity,sinuosity_change,year1_accum_area,year2_accum_area,year1_piece_count,year2_piece_count,year1_piece_channel_ratio,year1_piece_outside_ratio,year1_piece_inside_ratio,year1_piece_middle_ratio,year1_piece_island_ratio,year1_piece_spanning_ratio,year2_piece_channel_ratio,year2_piece_outside_ratio,year2_piece_inside_ratio,year2_piece_middle_ratio,year2_piece_island_ratio,year1_accum_area_ratio,year1_accum_outside_ratio,year1_accum_inside_ratio,year1_accum_middle_ratio,year1_accum_island_ratio,year1_accum_spanning_ratio,year2_accum_area_ratio,year2_accum_outside_ratio,year2_accum_inside_ratio,year2_accum_middle_ratio,year2_accum_island_ratio,river_site
1,Indian,LW_Channel,2004,2005,22661.22689,22634.03489,2454.910274,2427.71819,27.1920843,889.8103011,868.5025565,3.370818534,3.339686186,-0.031132348,2.021550457,2.05078665,0.029236193,1.710538528,1.678082895,-0.032455633,330.1224199,362.523608,2,1,8.83E-05,0,8.83E-05,0,0,0,4.42E-05,0,4.41E-05,0,0,0.014567721,4.41E-05,0,0,0,4.41E-05,0.016016747,0,4.41E-05,0,0,Indian
2,Indian,LW_Channel,2005,2006,22634.03489,23201.8848,2433.630088,3001.48016,-567.850072,868.5025565,876.4377978,3.339686186,3.37324627,0.033560084,2.05078665,2.078229546,0.027442897,1.678082895,1.683420662,0.005337767,362.523608,621.9580204,1,1,4.42E-05,0,4.42E-05,0,0,0,4.31E-05,0,4.42E-05,0,0,0.016016747,0,4.42E-05,0,0,4.42E-05,0.026806358,0,4.42E-05,0,4.42E-05,Indian
3,Indian,LW_Channel,2006,2007,23201.8848,26820.18228,815.3872592,4433.684733,-3618.297474,876.4377978,868.013046,3.37324627,3.153234601,-0.220011669,2.078229546,2.108947777,0.03071823,1.683420662,1.659503075,-0.023917587,621.9580204,565.4839878,1,1,4.31E-05,0,4.31E-05,0,0,0,3.73E-05,0,4.31E-05,0,0,0.026806358,0,4.31E-05,0,4.31E-05,0,0.021084271,0,0,0,4.31E-05,Indian
4,Indian,LW_Channel,2007,2008,26820.18228,29702.60709,1531.44203,4413.866721,-2882.42469,868.013046,888.8061012,3.153234601,3.009673072,-0.143561529,2.108947777,2.06878097,-0.040166807,1.659503075,1.719002159,0.059499084,565.4839878,404.891545,1,3,3.73E-05,0,3.73E-05,0,0,0,0.000101001,0,0.000111856,0,0,0.021084271,0,0,0,3.73E-05,3.73E-05,0.013631515,0,0,0,0,Indian
5,Indian,LW_Channel,2008,2009,29702.60709,28512.38418,3418.212163,2227.989391,1190.222772,888.8061012,887.7231726,3.009673072,3.067342106,0.057669034,2.06878097,2.068265838,-0.000515132,1.719002159,1.689286106,-0.029716053,404.891545,160.8414751,3,0,0.000101001,0,0.000101001,0,0,0,0,0,0,0,0,0.013631515,0,0,0,0,3.37E-05,0.005641109,0,3.37E-05,0,0,Indian
6,Indian,LW_Channel,2009,2010,28512.38418,32713.54181,2495.235901,6696.393765,-4201.157864,887.7231726,954.2054417,3.067342106,2.948256854,-0.119085251,2.068265838,1.981034976,-0.087230862,1.689286106,1.826536086,0.137249979,160.8414751,572.8380872,0,5,0,0,0,0,0,0,0.000152842,7.01E-05,0,0.000105217,0,0.005641109,0,3.51E-05,0,0,0,0.017510733,0.000105217,0,0,0,Indian
7,Indian,LW_Channel,2010,2011,32713.54181,30311.45953,3559.877491,1157.794967,2402.082524,954.2054417,979.5947722,2.948256854,3.082200726,0.133943872,1.981034976,1.94188191,-0.039153066,1.826536086,1.868862358,0.042326273,572.8380872,610.1654385,5,7,0.000152842,6.11E-05,0,9.17E-05,0,0,0.000230936,6.11E-05,9.17E-05,6.11E-05,0,0.017510733,9.17E-05,0,0,0,0,0.02012986,6.11E-05,0,0,0,Indian
8,Indian,LW_Channel,2011,2013,30311.45953,31459.54605,2124.171616,3272.258163,-1148.086547,979.5947722,950.5105875,3.082200726,2.986801227,-0.0953995,1.94188191,1.97574331,0.0338614,1.868862358,1.829463613,-0.039398745,610.1654385,1110.996357,7,3,0.000230936,6.60E-05,9.90E-05,6.60E-05,0,0,9.54E-05,3.30E-05,3.30E-05,3.30E-05,0,0.02012986,6.60E-05,0,0,0,0,0.035315079,9.90E-05,0,0,0,Indian
9,Indian,LW_Channel,2013,2014,31459.54605,30529.00318,3125.829148,2195.286244,930.542904,950.5105875,950.9427954,2.986801227,2.990851598,0.004050372,1.97574331,1.948057251,-0.027686059,1.829463613,1.830295491,0.000831878,1110.996357,1013.65271,3,4,9.54E-05,3.18E-05,3.18E-05,3.18E-05,0,0,0.000131023,3.18E-05,3.18E-05,6.36E-05,0,0.035315079,9.54E-05,0,0,0,0,0.033202942,6.36E-05,0,0,0,Indian
10,Indian,LW_Channel,2014,2015,30529.00318,31121.03554,2672.146874,3264.179038,-592.0321633,950.9427954,969.0534533,2.990851598,3.010612604,0.019761005,1.948057251,1.942849204,-0.005208047,1.830295491,1.855261327,0.024965836,1013.65271,1000.180956,4,2,0.000131023,3.28E-05,3.28E-05,6.55E-05,0,0,6.43E-05,6.55E-05,0,0,0,0.033202942,6.55E-05,0,0,0,3.28E-05,0.032138421,6.55E-05,0,0,0,Indian
11,Indian,LW_Channel,2015,2017,31121.03554,29859.29344,3748.420205,2486.678139,1261.742065,969.0534533,962.6148581,3.010612604,3.005914559,-0.004698045,1.942849204,1.912796491,-0.030052712,1.855261327,1.859252876,0.003991549,1000.180956,1543.486904,2,1,6.43E-05,6.43E-05,0,0,0,0,3.35E-05,3.21E-05,0,0,0,0.032138421,6.43E-05,0,0,0,3.21E-05,0.05169201,3.21E-05,3.21E-05,3.21E-05,0,Indian
12,Indian,LW_Channel,2017,2019,29859.29344,34045.50974,1221.394174,5407.610649,-4186.216475,962.6148581,886.7633615,3.005914559,2.823491768,-0.182422791,1.912796491,2.082637276,0.169840785,1.859252876,1.711764017,-0.14748886,1543.486904,385.851766,1,4,3.35E-05,3.35E-05,0,0,0,0,0.00011749,6.70E-05,0,6.70E-05,0,0.05169201,3.35E-05,3.35E-05,3.35E-05,0,3.35E-05,0.011333411,6.70E-05,0,0,0,Indian
13,Indian,LW_Channel,2019,2021,34045.50974,21737.43029,12722.00937,413.9299063,12308.07947,886.7633615,676.4461594,2.823491768,2.696149115,-0.127342653,2.082637276,2.083145983,0.000508707,1.711764017,1.298963553,-0.412800464,385.851766,65.0907278,4,6,0.00011749,5.87E-05,0,5.87E-05,0,0,0.000276022,5.87E-05,8.81E-05,0,0,0.011333411,5.87E-05,0,0,0,0,0.002994408,2.94E-05,0,0,0,Indian
14,Indian,LW_Channel,2021,2023,21737.43029,21419.66417,3193.489789,2875.72393,317.7658595,676.4461594,669.316334,2.696149115,2.719652543,0.023503429,2.083145983,2.10810996,0.024963977,1.298963553,1.293872223,-0.00509133,65.0907278,190.2487838,6,4,0.000276022,9.20E-05,0.000138011,0,0,4.60E-05,0.000186744,4.60E-05,4.60E-05,0,4.60E-05,0.002994408,4.60E-05,0,0,0,0,0.008881969,4.60E-05,4.60E-05,0,0,Indian
15,Indian,no_LW_Channel,2004,2005,18052.58698,18634.50776,979.4395326,1561.360334,-581.920801,661.7325287,664.5100901,2.888607035,2.859297009,-0.029310026,2.079125169,2.082195889,0.00307072,1.380376735,1.383116473,0.002739739,0,0,0,0,0,0,0,0,0,0,0,0,0,0,0,0,0,0,0,0,0,0,0,0,0,0,Indian
16,Indian,no_LW_Channel,2005,2006,18634.50776,17122.44638,2484.662031,972.6006099,1512.061421,664.5100901,672.8474475,2.859297009,2.981957435,0.122660426,2.082195889,2.055761225,-0.026434664,1.383116473,1.398522262,0.015405788,0,0,0,0,0,0,0,0,0,0,0,0,0,0,0,0,0,0,0,0,0,0,0,0,0,0,Indian
17,Indian,no_LW_Channel,2006,2007,17122.44638,19421.10982,613.5591322,2912.222526,-2298.663394,672.8474475,665.3860084,2.981957435,2.813013929,-0.168943506,2.055761225,2.088527377,0.032766152,1.398522262,1.38399621,-0.014526052,0,0,0,0,0,0,0,0,0,0,0,0,0,0,0,0,0,0,0,0,0,0,0,0,0,0,Indian
18,Indian,no_LW_Channel,2007,2008,19421.10982,19732.89501,2199.675258,2511.460427,-311.7851684,665.3860084,675.7891124,2.813013929,2.834043343,0.021029413,2.088527377,2.088313191,-0.000214185,1.38399621,1.400115167,0.016118957,0,0,0,0,0,0,0,0,0,0,0,0,0,0,0,0,0,0,0,0,0,0,0,0,0,0,Indian
19,Indian,no_LW_Channel,2008,2009,19732.89501,19983.25231,1512.561917,1762.919219,-250.3573022,675.7891124,673.9874783,2.834043343,2.779797509,-0.054245833,2.088313191,2.066804276,-0.021508915,1.400115167,1.402060526,0.001945359,0,0,0,0,0,0,0,0,0,0,0,0,0,0,0,0,0,0,0,0,0,0,0,0,0,0,Indian
20,Indian,no_LW_Channel,2009,2010,19983.25231,23731.68531,905.5972711,4654.030373,-3748.433102,673.9874783,672.7840629,2.779797509,2.582995612,-0.196801897,2.066804276,2.096607792,0.029803516,1.402060526,1.397197045,-0.00486348,0,0,0,0,0,0,0,0,0,0,0,0,0,0,0,0,0,0,0,0,0,0,0,0,0,0,Indian
21,Indian,no_LW_Channel,2010,2011,23731.68531,23943.04995,1358.949409,1570.314097,-211.364688,672.7840629,672.8486925,2.582995612,2.603994396,0.020998784,2.096607792,2.122840185,0.026232393,1.397197045,1.389465152,-0.007731894,0,0,0,0,0,0,0,0,0,0,0,0,0,0,0,0,0,0,0,0,0,0,0,0,0,0,Indian
22,Indian,no_LW_Channel,2011,2013,23943.04995,24840.12082,1132.414425,2029.485153,-897.0707283,672.8486925,678.2918074,2.603994396,2.5541377,-0.049856696,2.122840185,2.103824556,-0.019015629,1.389465152,1.397572372,0.00810722,0,60.16392302,0,2,0,0,0,0,0,0,8.05E-05,4.18E-05,0,4.18E-05,0,0,0,0,0,0,0,0.002422046,4.18E-05,0,0,0,Indian
23,Indian,no_LW_Channel,2013,2014,24840.12082,24559.25261,1746.89521,1466.027034,280.8681768,678.2918074,677.7170531,2.5541377,2.544254348,-0.009883352,2.103824556,2.085569259,-0.018255297,1.397572372,1.396388131,-0.001184241,60.16392302,0,2,0,8.05E-05,4.03E-05,0,4.03E-05,0,0,0,0,0,0,0,0.002422046,4.03E-05,0,0,0,0,0,0,0,0,0,Indian
24,Indian,no_LW_Channel,2014,2015,24559.25261,25724.00387,1537.75445,2702.505729,-1164.751279,677.7170531,679.7709329,2.544254348,2.516156637,-0.028097711,2.085569259,2.104501785,0.018932526,1.396388131,1.404501035,0.008112904,0,225.667889,0,1,0,0,0,0,0,0,3.89E-05,4.07E-05,0,0,0,0,0,0,0,0,0,0.008772658,8.14E-05,0,4.07E-05,0,Indian
25,Indian,no_LW_Channel,2015,2017,25724.00387,23905.3015,3834.734415,2016.032157,1818.702258,679.7709329,690.112227,2.516156637,2.603753733,0.087597096,2.104501785,2.067912833,-0.036588952,1.404501035,1.427236564,0.022735529,225.667889,0,1,0,3.89E-05,3.89E-05,0,0,0,0,0,0,0,0,0,0.008772658,7.77E-05,0,3.89E-05,0,0,0,0,0,0,0,Indian
26,Indian,no_LW_Channel,2017,2019,23905.3015,27204.69935,1067.911123,4367.308973,-3299.39785,690.112227,680.5134105,2.603753733,2.432921082,-0.170832651,2.067912833,2.090346256,0.022433423,1.427236564,1.404332555,-0.022904008,0,0,0,0,0,0,0,0,0,0,0,0,0,0,0,0,0,0,0,0,0,0,0,0,0,0,Indian
27,Indian,no_LW_Channel,2019,2021,27204.69935,23854.38821,4596.853812,1246.542704,3350.311108,680.5134105,814.9397022,2.432921082,2.782191867,0.349270786,2.090346256,1.869178056,-0.2211682,1.404332555,1.6753006,0.270968045,0,0,0,0,0,0,0,0,0,0,0,0,0,0,0,0,0,0,0,0,0,0,0,0,0,0,Indian
28,Indian,no_LW_Channel,2021,2023,23854.38821,21715.01882,3929.444135,1790.074718,2139.369417,814.9397022,872.9722597,2.782191867,3.241303768,0.459111901,1.869178056,1.939564952,0.070386895,1.6753006,1.816325399,0.141024799,0,0,0,0,0,0,0,0,0,0,0,0,0,0,0,0,0,0,0,0,0,0,0,0,0,0,Indian
1,Nyack,LW_Channel,2005,2009,81752.08678,84988.96298,12826.53912,16063.41375,-3236.874631,3603.259146,3567.955368,7.038735712,6.494127529,-0.544608183,1.97994678,1.880994808,-0.098951972,4.063964388,4.024146743,-0.039817645,4724.547027,7305.664963,18,8,0.000220178,1.22E-05,9.79E-05,0,3.67E-05,7.34E-05,9.41E-05,1.22E-05,6.12E-05,0,0,0.057791149,2.45E-05,3.67E-05,0,0,9.79E-05,0.085960161,3.67E-05,3.67E-05,0,4.89E-05,Nyack
2,Nyack,LW_Channel,2009,2011,84988.96298,80543.83755,12105.01926,7659.89402,4445.125239,3567.955368,3328.767407,6.494127529,6.301883491,-0.192244038,1.880994808,1.904618551,0.023623743,4.024146743,3.754376705,-0.269770038,7305.664963,8620.045471,8,8,9.41E-05,1.18E-05,5.88E-05,0,0,2.35E-05,9.93E-05,4.71E-05,2.35E-05,0,1.18E-05,0.085960161,3.53E-05,3.53E-05,0,4.71E-05,7.06E-05,0.107023029,1.18E-05,4.71E-05,0,0,Nyack
3,Nyack,LW_Channel,2011,2013,80543.83755,81458.56333,8635.456625,9550.182774,-914.72615,3328.767407,3335.474488,6.301883491,6.332707679,0.030824188,1.904618551,1.920901621,0.01628307,3.754376705,3.76194134,0.007564634,8620.045471,8217.521442,8,16,9.93E-05,4.97E-05,2.48E-05,0,1.24E-05,1.24E-05,0.000196419,4.97E-05,4.97E-05,2.48E-05,1.24E-05,0.107023029,1.24E-05,4.97E-05,0,0,8.69E-05,0.100879774,1.24E-05,8.69E-05,0,2.48E-05,Nyack
4,Nyack,LW_Channel,2013,2016,81458.56333,82991.91121,9771.43976,11304.78687,-1533.347105,3335.474488,3607.444387,6.332707679,6.59707427,0.264366591,1.920901621,1.867559915,-0.053341706,3.76194134,4.068684746,0.306743406,8217.521442,7089.268474,16,16,0.000196419,4.91E-05,4.91E-05,2.46E-05,1.23E-05,6.14E-05,0.00019279,1.23E-05,3.68E-05,4.91E-05,3.68E-05,0.100879774,1.23E-05,8.59E-05,0,2.46E-05,8.59E-05,0.085421198,2.46E-05,2.46E-05,0,1.23E-05,Nyack
5,Nyack,LW_Channel,2016,2017,82991.91121,65327.6878,19181.83266,1517.609392,17664.22326,3607.444387,3380.1388,6.59707427,6.567279649,-0.02979462,1.867559915,1.760372401,-0.107187514,4.068684746,3.812316338,-0.256368408,7089.268474,5499.019237,16,6,0.00019279,1.20E-05,3.61E-05,4.82E-05,3.61E-05,6.02E-05,9.18E-05,2.41E-05,1.20E-05,1.20E-05,2.41E-05,0.085421198,2.41E-05,2.41E-05,0,1.20E-05,8.43E-05,0.084175936,0,0,0,2.41E-05,Nyack
6,Nyack,LW_Channel,2017,2021,65327.6878,75119.66874,4109.926021,13901.90673,-9791.980713,3380.1388,3425.363547,6.567279649,6.857575469,0.29029582,1.760372401,1.945116815,0.184744414,3.812316338,3.863323427,0.051007089,5499.019237,6181.18037,6,13,9.18E-05,3.06E-05,1.53E-05,1.53E-05,3.06E-05,0,0.000173057,0.000107152,3.06E-05,0,4.59E-05,0.084175936,0,0,0,3.06E-05,0.000107152,0.082284447,6.12E-05,4.59E-05,0,3.06E-05,Nyack
7,Nyack,no_LW_Channel,2005,2009,47392.18531,56959.29272,547.5337414,10114.64051,-9567.106769,2473.558385,2786.161099,4.775950937,5.357855192,0.581904255,1.490033355,1.626941635,0.13690828,3.643269248,4.103697375,0.460428127,0,0,0,0,0,0,0,0,0,0,0,0,0,0,0,0,0,0,0,0,0,0,0,0,0,0,Nyack
8,Nyack,no_LW_Channel,2009,2011,56959.29272,55337.13968,5815.107414,4192.954223,1622.153191,2786.161099,2654.459734,5.357855192,5.177126778,-0.180728415,1.626941635,1.626394675,-0.00054696,4.103697375,3.909716294,-0.193981081,0,0,0,0,0,0,0,0,0,0,0,0,0,0,0,0,0,0,0,0,0,0,0,0,0,0,Nyack
9,Nyack,no_LW_Channel,2011,2013,55337.13968,55838.27089,4882.255988,5383.389432,-501.1334448,2654.459734,2639.746163,5.177126778,4.928564168,-0.24856261,1.626394675,1.563972673,-0.062422002,3.909716294,3.888044882,-0.021671411,0,366.1801582,0,5,0,0,0,0,0,0,8.95E-05,0,0,0,3.61E-05,0,0,0,0,0,0,0.006557871,1.81E-05,0,0,0,Nyack
10,Nyack,no_LW_Channel,2013,2016,55838.27089,54988.00874,4551.583718,3701.32163,850.262088,2639.746163,2624.427786,4.928564168,4.931603593,0.003039425,1.563972673,1.562041118,-0.001931556,3.888044882,3.865482661,-0.022562222,366.1801582,314.9464514,5,5,8.95E-05,0,0,0,3.58E-05,5.37E-05,9.09E-05,3.58E-05,0,1.79E-05,0,0.006557871,1.79E-05,0,0,0,3.58E-05,0.005727548,1.79E-05,0,0,0,Nyack
11,Nyack,no_LW_Channel,2016,2017,54988.00874,59275.24288,2667.279746,6954.514392,-4287.234646,2624.427786,2584.981508,4.931603593,4.718426516,-0.213177077,1.562041118,1.575365601,0.013324484,3.865482661,3.807382794,-0.058099867,314.9464514,0,5,0,9.09E-05,3.64E-05,0,1.82E-05,0,3.64E-05,0,0,0,0,0,0.005727548,1.82E-05,0,0,0,1.82E-05,0,0,0,0,0,Nyack
12,Nyack,no_LW_Channel,2017,2021,59275.24288,50718.73537,11557.67394,3001.165632,8556.508304,2584.981508,2835.943706,4.718426516,5.561384898,0.842958383,1.575365601,1.565577199,-0.009788402,3.807382794,4.176074285,0.368691492,0,77.35873906,0,4,0,0,0,0,0,0,7.89E-05,3.37E-05,0,1.69E-05,1.69E-05,0,0,0,0,0,0,0.00152525,1.69E-05,0,0,0,Nyack
1,Rock_WA_1,LW_Channel,2006,2009,26540.88028,38522.82669,3830.633086,15812.5787,-11981.94561,1138.501035,1457.057934,4.251234129,4.116018464,-0.135215665,2.156473807,1.965461312,-0.191012496,1.825225053,2.348818792,0.523593739,318.0326135,3687.494984,0,3,0,0,0,0,0,0,7.79E-05,0,0,3.77E-05,0,0.011982745,0,3.77E-05,0,0,3.77E-05,0.095722337,0,7.54E-05,0,0,Rock_WA_1
2,Rock_WA_1,LW_Channel,2009,2011,38522.82669,37078.81614,6506.94843,5062.937755,1444.010675,1457.057934,1587.761717,4.116018464,4.386350147,0.270331683,1.965461312,1.885757451,-0.07970386,2.348818792,2.556779831,0.207961039,3687.494984,4105.629802,3,4,7.79E-05,0,0,2.60E-05,0,5.19E-05,0.000107878,0,2.60E-05,0,0,0.095722337,0,5.19E-05,0,0,7.79E-05,0.110727101,2.60E-05,5.19E-05,0,0,Rock_WA_1
3,Rock_WA_1,LW_Channel,2011,2013,37078.81614,38665.27144,7130.04575,8716.501404,-1586.455653,1587.761717,1489.331051,4.386350147,4.182310898,-0.204039249,1.885757451,1.957449349,0.071691898,2.556779831,2.39540941,-0.161370421,4105.629802,681.690206,4,1,0.000107878,0,2.70E-05,0,0,8.09E-05,2.59E-05,0,2.70E-05,0,0,0.110727101,2.70E-05,5.39E-05,0,0,8.09E-05,0.017630555,2.70E-05,0,0,0,Rock_WA_1
4,Rock_WA_1,LW_Channel,2013,2015,38665.27144,33922.55963,9518.171356,4775.457314,4742.714042,1489.331051,1455.060985,4.182310898,4.427962258,0.24565136,1.957449349,1.986881444,0.029432095,2.39540941,2.338110931,-0.057298479,681.690206,1382.982555,1,2,2.59E-05,0,2.59E-05,0,0,0,5.90E-05,0,2.59E-05,0,0,0.017630555,2.59E-05,0,0,0,2.59E-05,0.040768815,0,2.59E-05,0,0,Rock_WA_1
5,Rock_WA_1,LW_Channel,2015,2017,33922.55963,30313.78853,8661.339396,5052.569165,3608.77023,1455.060985,1479.663875,4.427962258,4.908446683,0.480484425,1.986881444,2.047415785,0.060534341,2.338110931,2.388927654,0.050816723,1382.982555,1661.458171,2,3,5.90E-05,0,2.95E-05,0,0,2.95E-05,9.90E-05,0,5.90E-05,0,0,0.040768815,0,2.95E-05,0,0,8.84E-05,0.054808661,5.90E-05,2.95E-05,0,0,Rock_WA_1
6,Rock_WA_1,LW_Channel,2017,2019,30313.78853,39245.66242,4535.316473,13467.18984,-8931.873372,1479.663875,1337.752993,4.908446683,3.878910704,-1.029535979,2.047415785,2.036266491,-0.011149294,2.388927654,2.154541808,-0.234385846,1661.458171,1529.272262,3,2,9.90E-05,0,6.60E-05,0,0,3.30E-05,5.10E-05,0,0,0,0,0.054808661,6.60E-05,3.30E-05,0,0,0.000131953,0.038966657,3.30E-05,3.30E-05,0,0,Rock_WA_1
7,Rock_WA_1,LW_Channel,2019,2023,39245.66242,35289.49137,13353.35435,9397.182825,3956.171528,1337.752993,1838.763391,3.878910704,4.714065136,0.835154432,2.036266491,1.707250946,-0.329015546,2.154541808,2.972702587,0.818160779,1529.272262,4559.74636,2,5,5.10E-05,0,0,0,0,5.10E-05,0.000141685,0,7.64E-05,2.55E-05,0,0.038966657,2.55E-05,2.55E-05,0,0,5.10E-05,0.12920975,5.10E-05,2.55E-05,0,2.55E-05,Rock_WA_1
8,Rock_WA_1,no_LW_Channel,2006,2009,57809.38952,71138.18336,10390.83877,23719.63249,-13328.79372,2783.779272,2692.936121,5.497501422,4.169451825,-1.328049597,1.683195949,1.463892635,-0.219303313,3.870874024,3.744555677,-0.126318347,0,591.5797874,0,8,0,0,0,0,0,0,0.000112457,0,0,0.000138386,0,0,0,0,0,0,0,0.008315925,0,0,1.73E-05,1.73E-05,Rock_WA_1
9,Rock_WA_1,no_LW_Channel,2009,2011,71138.18336,58213.14771,19170.89678,6245.861505,12925.03527,2692.936121,1834.214107,4.169451825,2.774456295,-1.39499553,1.463892635,1.293729056,-0.170163579,3.744555677,2.550493787,-1.19406189,591.5797874,372.5295399,8,11,0.000112457,0,0,0.000112457,0,0,0.000188961,0,0,0.000154629,0,0.008315925,0,0,1.41E-05,1.41E-05,0,0.006399406,0,0,0,1.41E-05,Rock_WA_1
10,Rock_WA_1,no_LW_Channel,2011,2013,58213.14771,55576.35537,2803.76463,166.9722902,2636.79234,1834.214107,1643.788658,2.774456295,2.918750066,0.144293771,1.293729056,1.48388721,0.190158154,2.550493787,2.285705221,-0.264788566,372.5295399,0,11,10,0.000188961,0,0,0.000188961,0,0,0.000179933,0,3.44E-05,0.000137426,0,0.006399406,0,0,0,1.72E-05,0,0,0,0,0,0,Rock_WA_1
11,Rock_WA_1,no_LW_Channel,2013,2015,55576.35537,53579.4429,3539.375631,1542.463194,1996.912437,1643.788658,1489.403972,2.918750066,3.209986581,0.291236516,1.48388721,1.768457951,0.284570741,2.285705221,2.07103171,-0.214673511,0,0,10,6,0.000179933,0,3.60E-05,0.000143946,0,0,0.000111983,0,0,0.00010796,0,0,0,0,0,0,0,0,0,0,0,0,Rock_WA_1
12,Rock_WA_1,no_LW_Channel,2015,2017,53579.4429,48195.05406,9162.442764,3778.053943,5384.388821,1489.403972,2025.411048,3.209986581,3.723764326,0.513777745,1.768457951,1.430787642,-0.337670309,2.07103171,2.816355122,0.745323412,0,226.8003229,6,7,0.000111983,0,0,0.000111983,0,0,0.000145243,1.87E-05,5.60E-05,5.60E-05,0,0,0,0,0,0,0,0.004705884,0,0,1.87E-05,0,Rock_WA_1
13,Rock_WA_1,no_LW_Channel,2017,2019,48195.05406,51178.60586,6049.000934,9032.551779,-2983.550844,2025.411048,1745.992118,3.723764326,3.868357508,0.144593183,1.430787642,1.776779288,0.345991646,2.816355122,2.427820196,-0.388534926,226.8003229,331.6913378,7,12,0.000145243,2.07E-05,6.22E-05,6.22E-05,0,0,0.000234473,0.000103745,0,0.000145243,0,0.004705884,0,0,2.07E-05,0,0,0.006481055,2.07E-05,0,2.07E-05,0,Rock_WA_1
14,Rock_WA_1,no_LW_Channel,2019,2023,51178.60586,45444.95905,11785.88667,6052.241287,5733.645385,1745.992118,1969.720173,3.868357508,4.332145178,0.463787669,1.776779288,1.662058324,-0.114720964,2.427820196,2.738916382,0.311096186,331.6913378,192.5829601,12,14,0.000234473,9.77E-05,0,0.000136776,0,0,0.000308065,5.86E-05,5.86E-05,0.000156315,0,0.006481055,1.95E-05,0,1.95E-05,0,0,0.004237719,0,0,0,1.95E-05,Rock_WA_1
1,Rock_WA_2,LW_Channel,2006,2009,37450.9142,52548.34366,6318.077569,21415.50767,-15097.4301,2252.481771,2604.355038,5.941152199,5.211190425,-0.729961774,1.809445626,1.626002474,-0.183443152,2.738075439,3.145488168,0.407412729,1670.990581,6046.648442,2,4,5.34E-05,0,0,0,0,5.34E-05,7.61E-05,2.67E-05,0,0,8.01E-05,0.044618152,0,0,0,2.67E-05,0.000133508,0.115068298,0,8.01E-05,0,5.34E-05,Rock_WA_2
2,Rock_WA_2,LW_Channel,2009,2011,52548.34366,51890.32333,7449.642827,6791.622435,658.0203922,2604.355038,2553.376544,5.211190425,5.112925388,-0.098265037,1.626002474,1.616972787,-0.009029686,3.145488168,3.076490067,-0.0689981,6046.648442,4663.135128,4,2,7.61E-05,1.90E-05,0,0,5.71E-05,0,3.85E-05,0,0,0,0,0.115068298,0,5.71E-05,0,3.81E-05,9.52E-05,0.089865216,1.90E-05,7.61E-05,0,3.81E-05,Rock_WA_2
3,Rock_WA_2,LW_Channel,2011,2013,51890.32333,48906.64758,10164.61161,7180.935907,2983.675705,2553.376544,2304.127352,5.112925388,4.999259254,-0.113666135,1.616972787,1.700936336,0.083963549,3.076490067,2.773834663,-0.302655405,4663.135128,2013.321719,2,5,3.85E-05,0,0,0,0,3.85E-05,0.000102236,3.85E-05,1.93E-05,0,0,0.089865216,1.93E-05,7.71E-05,0,3.85E-05,7.71E-05,0.041166627,3.85E-05,1.93E-05,0,3.85E-05,Rock_WA_2
4,Rock_WA_2,LW_Channel,2013,2015,48906.64758,46504.90248,11703.49151,9301.746301,2401.745211,2304.127352,2191.582712,4.999259254,4.776863297,-0.222395957,1.700936336,1.666246492,-0.034689844,2.773834663,2.642659186,-0.131175476,2013.321719,2742.381184,5,5,0.000102236,4.09E-05,2.04E-05,0,0,4.09E-05,0.000107516,4.09E-05,4.09E-05,0,0,0.041166627,4.09E-05,2.04E-05,0,4.09E-05,6.13E-05,0.058969722,0,6.13E-05,0,0,Rock_WA_2
5,Rock_WA_2,LW_Channel,2015,2017,46504.90248,53101.96319,8606.360135,15203.413,-6597.052863,2191.582712,2438.868787,4.776863297,5.014467244,0.237603947,1.666246492,1.679564102,0.01331761,2.642659186,2.961063891,0.318404705,2742.381184,2366.17282,5,4,0.000107516,4.30E-05,4.30E-05,0,0,2.15E-05,7.53E-05,2.15E-05,4.30E-05,0,0,0.058969722,0,6.45E-05,0,0,0.000107516,0.044559046,2.15E-05,4.30E-05,0,2.15E-05,Rock_WA_2
6,Rock_WA_2,LW_Channel,2017,2019,53101.96319,59348.02559,5604.859756,11850.92235,-6246.062597,2438.868787,2306.460154,5.014467244,4.432249679,-0.582217565,1.679564102,1.659534673,-0.020029429,2.961063891,2.803606551,-0.15745734,2366.17282,3164.157481,4,6,7.53E-05,1.88E-05,3.77E-05,0,0,1.88E-05,0.000101099,0,1.88E-05,0,3.77E-05,0.044559046,1.88E-05,3.77E-05,0,1.88E-05,5.65E-05,0.053315295,3.77E-05,3.77E-05,0,3.77E-05,Rock_WA_2
7,Rock_WA_2,LW_Channel,2019,2023,59348.02559,57694.94539,10451.32885,8798.249113,1653.079738,2306.460154,2525.976421,4.432249679,5.101115414,0.668865736,1.659534673,1.719529666,0.059994993,2.803606551,3.048770592,0.245164042,3164.157481,4493.166413,6,9,0.000101099,0,1.68E-05,0,3.37E-05,5.05E-05,0.000155993,3.37E-05,3.37E-05,0,3.37E-05,0.053315295,3.37E-05,3.37E-05,0,3.37E-05,0.000117948,0.077877991,1.68E-05,3.37E-05,0,3.37E-05,Rock_WA_2
8,Rock_WA_2,no_LW_Channel,2006,2009,57809.38952,71138.18336,10390.83877,23719.63249,-13328.79372,2783.779272,2692.936121,5.497501422,4.169451825,-1.328049597,1.683195949,1.463892635,-0.219303313,3.870874024,3.744555677,-0.126318347,0,591.5797874,0,8,0,0,0,0,0,0,0.000112457,0,0,0.000138386,0,0,0,0,0,0,0,0.008315925,0,0,1.73E-05,1.73E-05,Rock_WA_2
9,Rock_WA_2,no_LW_Channel,2009,2011,71138.18336,58213.14771,19170.89678,6245.861505,12925.03527,2692.936121,1834.214107,4.169451825,2.774456295,-1.39499553,1.463892635,1.293729056,-0.170163579,3.744555677,2.550493787,-1.19406189,591.5797874,372.5295399,8,11,0.000112457,0,0,0.000112457,0,0,0.000188961,0,0,0.000154629,0,0.008315925,0,0,1.41E-05,1.41E-05,0,0.006399406,0,0,0,1.41E-05,Rock_WA_2
10,Rock_WA_2,no_LW_Channel,2011,2013,58213.14771,55576.35537,2803.76463,166.9722902,2636.79234,1834.214107,1643.788658,2.774456295,2.918750066,0.144293771,1.293729056,1.48388721,0.190158154,2.550493787,2.285705221,-0.264788566,372.5295399,0,11,10,0.000188961,0,0,0.000188961,0,0,0.000179933,0,3.44E-05,0.000137426,0,0.006399406,0,0,0,1.72E-05,0,0,0,0,0,0,Rock_WA_2
11,Rock_WA_2,no_LW_Channel,2013,2015,55576.35537,53579.4429,3539.375631,1542.463194,1996.912437,1643.788658,1489.403972,2.918750066,3.209986581,0.291236516,1.48388721,1.768457951,0.284570741,2.285705221,2.07103171,-0.214673511,0,0,10,6,0.000179933,0,3.60E-05,0.000143946,0,0,0.000111983,0,0,0.00010796,0,0,0,0,0,0,0,0,0,0,0,0,Rock_WA_2
12,Rock_WA_2,no_LW_Channel,2015,2017,53579.4429,48195.05406,9162.442764,3778.053943,5384.388821,1489.403972,2025.411048,3.209986581,3.723764326,0.513777745,1.768457951,1.430787642,-0.337670309,2.07103171,2.816355122,0.745323412,0,226.8003229,6,7,0.000111983,0,0,0.000111983,0,0,0.000145243,1.87E-05,5.60E-05,5.60E-05,0,0,0,0,0,0,0,0.004705884,0,0,1.87E-05,0,Rock_WA_2
13,Rock_WA_2,no_LW_Channel,2017,2019,48195.05406,51178.60586,6049.000934,9032.551779,-2983.550844,2025.411048,1745.992118,3.723764326,3.868357508,0.144593183,1.430787642,1.776779288,0.345991646,2.816355122,2.427820196,-0.388534926,226.8003229,331.6913378,7,12,0.000145243,2.07E-05,6.22E-05,6.22E-05,0,0,0.000234473,0.000103745,0,0.000145243,0,0.004705884,0,0,2.07E-05,0,0,0.006481055,2.07E-05,0,2.07E-05,0,Rock_WA_2
14,Rock_WA_2,no_LW_Channel,2019,2023,51178.60586,45444.95905,11785.88667,6052.241287,5733.645385,1745.992118,1969.720173,3.868357508,4.332145178,0.463787669,1.776779288,1.662058324,-0.114720964,2.427820196,2.738916382,0.311096186,331.6913378,192.5829601,12,14,0.000234473,9.77E-05,0,0.000136776,0,0,0.000308065,5.86E-05,5.86E-05,0.000156315,0,0.006481055,1.95E-05,0,1.95E-05,0,0,0.004237719,0,0,0,1.95E-05,Rock_WA_2
1,Rock_WY,LW_Channel,2004,2006,20655.71202,21559.3934,6061.083418,6964.764785,-903.6813668,1712.749038,1725.08734,6.391608354,6.735154867,0.343546513,1.90125969,2.032168424,0.130908734,3.49038135,3.523883727,0.033502377,1543.002354,1329.525567,0,4,0,0,0,0,0,0,0.000185534,0,0,0,0,0.074701,0,4.84E-05,0,4.84E-05,9.68E-05,0.061668042,0,4.84E-05,0,4.84E-05,Rock_WY
2,Rock_WY,LW_Channel,2006,2009,21559.3934,21193.30334,6953.927431,6587.837266,366.0901657,1725.08734,1776.7541,6.735154867,6.590977215,-0.144177652,2.032168424,1.914373806,-0.117794618,3.523883727,3.640852469,0.116968742,1329.525567,1913.908037,4,1,0.000185534,0,0,0,0,0.000185534,4.72E-05,0,4.64E-05,0,0,0.061668042,0,4.64E-05,0,4.64E-05,9.28E-05,0.090307207,4.64E-05,0,0,0,Rock_WY
3,Rock_WY,LW_Channel,2009,2012,21193.30334,19068.82073,7846.476966,5721.994388,2124.482577,1776.7541,1995.872568,6.590977215,6.484443494,-0.106533721,1.914373806,1.590401406,-0.3239724,3.640852469,4.090753738,0.449901269,1913.908037,1968.882258,1,6,4.72E-05,0,4.72E-05,0,0,0,0.00031465,4.72E-05,0.000141554,0,0,0.090307207,4.72E-05,0,0,0,0.000141554,0.103251391,0,0,0,0,Rock_WY
4,Rock_WY,LW_Channel,2012,2015,19068.82073,25238.97719,4025.798322,10195.95492,-6170.1566,1995.872568,2252.692329,6.484443494,7.125882021,0.641438527,1.590401406,1.78146607,0.191064664,4.090753738,4.623896161,0.533142423,1968.882258,2124.207758,6,1,0.00031465,5.24E-05,0.000157325,0,0,0.000104883,3.96E-05,5.24E-05,0,0,0,0.103251391,0,0,0,0,0.000104883,0.084163781,0,5.24E-05,0,0,Rock_WY
5,Rock_WY,LW_Channel,2015,2017,25238.97719,25228.75619,5514.857169,5504.636041,10.22112783,2252.692329,2125.724622,7.125882021,7.275975043,0.150093023,1.78146607,1.927245542,0.145779472,4.623896161,4.363904289,-0.259991873,2124.207758,2364.660796,1,2,3.96E-05,3.96E-05,0,0,0,0,7.93E-05,3.96E-05,0,3.96E-05,0,0.084163781,0,3.96E-05,0,0,3.96E-05,0.09372879,0,0,0,0,Rock_WY
6,Rock_WY,LW_Channel,2017,2019,25228.75619,28597.24793,3735.971316,7104.462997,-3368.491681,2125.724622,1823.479887,7.275975043,5.417971914,-1.858003129,1.927245542,1.781159552,-0.14608599,4.363904289,3.739317612,-0.624586677,2364.660796,2007.647958,2,3,7.93E-05,3.96E-05,0,3.96E-05,0,0,0.000104905,0,0,0,0,0.09372879,0,0,0,0,3.96E-05,0.070204237,0,0,0,0,Rock_WY
7,Rock_WY,LW_Channel,2019,2022,28597.24793,28515.78561,1176.657945,1095.195563,81.46238182,1823.479887,1909.180994,5.417971914,5.660106887,0.242134973,1.781159552,1.77470075,-0.006458802,3.739317612,3.925109573,0.185791961,2007.647958,2720.698308,3,0,0.000104905,0,0,0,0,0.000104905,0,0,0,0,0,0.070204237,0,0,0,0,3.50E-05,0.095410253,0,0,0,0,Rock_WY
8,Rock_WY,no_LW_Channel,2004,2006,11770.37419,11450.47633,3229.684809,2909.786977,319.8978326,921.2413554,895.9031014,4.320541589,4.319703493,-0.000838096,1.803702184,1.828982737,0.025280552,1.867371547,1.810336008,-0.057035539,0,0,0,0,0,0,0,0,0,0,0,0,0,0,0,0,0,0,0,0,0,0,0,0,0,0,Rock_WY
9,Rock_WY,no_LW_Channel,2006,2009,11450.47633,8642.581421,3855.556982,1047.680908,2807.876074,895.9031014,955.6958377,4.319703493,4.227538571,-0.092164922,1.828982737,1.457788621,-0.371194116,1.810336008,1.9223224,0.111986391,0,0,0,0,0,0,0,0,0,0,0,0,0,0,0,0,0,0,0,0,0,0,0,0,0,0,Rock_WY
10,Rock_WY,no_LW_Channel,2009,2012,8642.581421,14251.92594,187.9725342,5797.294834,-5609.3223,955.6958377,985.5268844,4.227538571,4.047951824,-0.179586746,1.457788621,1.738235317,0.280446696,1.9223224,1.987244785,0.064922385,0,0,0,0,0,0,0,0,0,0,0,0,0,0,0,0,0,0,0,0,0,0,0,0,0,0,Rock_WY
11,Rock_WY,no_LW_Channel,2012,2015,14251.92594,12060.99607,2917.326209,726.3963772,2190.929832,985.5268844,1033.129296,4.047951824,4.706812895,0.658861071,1.738235317,1.773653489,0.035418172,1.987244785,2.079157499,0.091912714,0,0,0,0,0,0,0,0,0,0,0,0,0,0,0,0,0,0,0,0,0,0,0,0,0,0,Rock_WY
12,Rock_WY,no_LW_Channel,2015,2017,12060.99607,11755.71879,1101.659019,796.3817793,305.2772396,1033.129296,1032.597611,4.706812895,4.717070875,0.01025798,1.773653489,1.755782888,-0.017870601,2.079157499,2.078087489,-0.001070009,0,0,0,0,0,0,0,0,0,0,0,0,0,0,0,0,0,0,0,0,0,0,0,0,0,0,Rock_WY
13,Rock_WY,no_LW_Channel,2017,2019,11755.71879,12534.43388,773.2574659,1551.972412,-778.7149461,1032.597611,1033.609207,4.717070875,4.642036382,-0.075034493,1.755782888,1.782417612,0.026634724,2.078087489,2.080123311,0.002035822,0,0,0,0,0,0,0,0,0,0,0,0,0,0,0,0,0,0,0,0,0,0,0,0,0,0,Rock_WY
14,Rock_WY,no_LW_Channel,2019,2022,12534.43388,12298.67443,1049.992098,814.2327114,235.7593862,1033.609207,982.6027911,4.642036382,4.527379507,-0.114656876,1.782417612,1.81135257,0.028934958,2.080123311,1.97747365,-0.102649661,0,0,0,0,0,0,0,0,0,0,0,0,0,0,0,0,0,0,0,0,0,0,0,0,0,0,Rock_WY
1,Skunk,LW_Channel,2004,2005,82602.978,83722.6549,4109.823434,5229.50029,-1119.676856,2007.133421,2045.994428,3.728510387,3.679814973,-0.048695415,1.892613351,1.844794365,-0.047818986,2.643713345,2.681429696,0.037716351,20603.2498,19027.58183,2,1,2.42E-05,0,1.21E-05,1.21E-05,0,0,1.19E-05,0,0,0,0,0.249425024,3.63E-05,1.21E-05,0,0,1.21E-05,0.227269212,0,0,1.21E-05,0,Skunk
2,Skunk,LW_Channel,2005,2007,83722.6549,88917.9223,6867.11427,12062.38179,-5195.267521,2045.994428,2038.072114,3.679814973,3.6485263,-0.031288672,1.844794365,1.89233281,0.047538445,2.681429696,2.641217326,-0.04021237,19027.58183,23931.51704,1,5,1.19E-05,0,0,0,0,1.19E-05,5.62E-05,2.39E-05,3.58E-05,0,0,0.227269212,0,0,1.19E-05,0,4.78E-05,0.269141658,1.19E-05,0,0,0,Skunk
3,Skunk,LW_Channel,2007,2008,88917.9223,102228.6364,8091.370148,21402.0847,-13310.71455,2038.072114,2371.224076,3.6485263,3.719312743,0.070786442,1.89233281,1.777793517,-0.114539294,2.641217326,3.115071896,0.47385457,23931.51704,12793.02443,5,0,5.62E-05,2.25E-05,3.37E-05,0,0,0,0,0,0,0,0,0.269141658,1.12E-05,0,0,0,1.12E-05,0.1251413,0,0,1.12E-05,1.12E-05,Skunk
4,Skunk,LW_Channel,2008,2009,102228.6364,102615.0325,12510.14686,12896.54302,-386.3961598,2371.224076,2287.498012,3.719312743,3.499908911,-0.219403831,1.777793517,1.737426502,-0.040367015,3.115071896,2.994041102,-0.121030794,12793.02443,16276.08112,0,1,0,0,0,0,0,0,9.75E-06,9.78E-06,0,0,0,0.1251413,0,0,9.78E-06,9.78E-06,9.78E-06,0.158613029,1.96E-05,3.91E-05,9.78E-06,9.78E-06,Skunk
5,Skunk,LW_Channel,2009,2011,102615.0325,109404.0593,7157.225543,13946.25258,-6789.02704,2287.498012,2808.001373,3.499908911,4.066938391,0.56702948,1.737426502,1.698212087,-0.039214414,2.994041102,3.669548164,0.675507062,16276.08112,8909.645771,1,11,9.75E-06,9.75E-06,0,0,0,0,0.000100545,1.95E-05,1.95E-05,4.87E-05,1.95E-05,0.158613029,1.95E-05,3.90E-05,9.75E-06,9.75E-06,0,0.081437982,3.90E-05,8.77E-05,4.87E-05,9.75E-06,Skunk
6,Skunk,LW_Channel,2011,2013,109404.0593,94147.19586,21074.72635,5817.862404,15256.86395,2808.001373,2608.254925,4.066938391,3.84273538,-0.224203011,1.698212087,1.602503806,-0.095708282,3.669548164,3.410954735,-0.258593429,8909.645771,10096.59348,11,13,0.000100545,1.83E-05,1.83E-05,4.57E-05,1.83E-05,0,0.000138082,9.14E-06,1.83E-05,9.14E-05,0,0.081437982,3.66E-05,8.23E-05,4.57E-05,9.14E-06,0,0.107242636,1.83E-05,6.40E-05,9.14E-06,2.74E-05,Skunk
7,Skunk,LW_Channel,2013,2014,94147.19586,72231.18983,23980.09813,2064.091933,21916.0062,2608.254925,2132.00895,3.84273538,3.801676783,-0.041058597,1.602503806,1.698843933,0.096340128,3.410954735,2.816078618,-0.594876117,10096.59348,4341.667581,13,10,0.000138082,1.06E-05,2.12E-05,0.000106217,0,0,0.000138444,0,1.06E-05,9.56E-05,0,0.107242636,2.12E-05,7.44E-05,1.06E-05,3.19E-05,0,0.060107934,3.19E-05,2.12E-05,2.12E-05,2.12E-05,Skunk
8,Skunk,LW_Channel,2014,2015,72231.18983,72941.69452,5147.700914,5858.205541,-710.5046269,2132.00895,2129.411263,3.801676783,3.811018224,0.009341441,1.698843933,1.713461437,0.014617504,2.816078618,2.828912278,0.012833659,4341.667581,4325.511477,10,1,0.000138444,0,1.38E-05,0.0001246,0,0,1.37E-05,0,1.38E-05,0,0,0.060107934,4.15E-05,2.77E-05,2.77E-05,2.77E-05,0,0.059300946,1.38E-05,1.38E-05,0,1.38E-05,Skunk
9,Skunk,LW_Channel,2015,2017,72941.69452,57585.70199,17424.37953,2068.387122,15355.9924,2129.411263,2251.99088,3.811018224,4.880775414,1.06975719,1.713461437,1.843675403,0.130213965,2.828912278,2.962574627,0.13366235,4325.511477,5675.908299,1,13,1.37E-05,0,1.37E-05,0,0,0,0.00022575,1.37E-05,1.37E-05,0.000150805,0,0.059300946,1.37E-05,1.37E-05,0,1.37E-05,1.37E-05,0.098564541,9.60E-05,0.000109677,4.11E-05,0,Skunk
10,Skunk,LW_Channel,2017,2019,57585.70199,67715.25109,2994.009566,13123.55863,-10129.54906,2251.99088,2167.221594,4.880775414,4.064400721,-0.816374694,1.843675403,1.729981182,-0.113694221,2.962574627,2.851057596,-0.111517032,5675.908299,8377.898785,13,9,0.00022575,1.74E-05,1.74E-05,0.00019102,0,0,0.000132909,0,1.74E-05,0.000104193,3.47E-05,0.098564541,0.000121558,0.000138923,5.21E-05,0,0,0.12372248,1.74E-05,3.47E-05,0,0,Skunk
11,Skunk,LW_Channel,2019,2021,67715.25109,55617.00188,14254.33765,2156.088442,12098.2492,2167.221594,1476.162867,4.064400721,3.048373729,-1.016026992,1.729981182,1.726404871,-0.003576311,2.851057596,1.939031795,-0.9120258,8377.898785,7055.787323,9,13,0.000132909,0,1.48E-05,8.86E-05,2.95E-05,0,0.000233741,2.95E-05,1.48E-05,7.38E-05,7.38E-05,0.12372248,1.48E-05,2.95E-05,0,0,1.48E-05,0.126863856,4.43E-05,2.95E-05,1.48E-05,1.48E-05,Skunk
12,Skunk,LW_Channel,2021,2023,55617.00188,54399.08531,5103.612777,3885.696284,1217.916493,1476.162867,1680.587911,3.048373729,3.267694534,0.219320805,1.726404871,1.607610918,-0.118793953,1.939031795,2.207556813,0.268525018,7055.787323,10055.82056,13,19,0.000233741,3.60E-05,1.80E-05,8.99E-05,8.99E-05,0,0.000349271,5.39E-05,3.60E-05,0.000143841,8.99E-05,0.126863856,5.39E-05,3.60E-05,1.80E-05,1.80E-05,1.80E-05,0.184852751,7.19E-05,5.39E-05,3.60E-05,3.60E-05,Skunk
13,Skunk,no_LW_Channel,2004,2005,49714.83064,45347.98872,5937.853516,1571.01175,4366.841766,1035.054459,1042.602467,2.763962849,2.898363187,0.134400338,2.110653367,2.098543634,-0.012109733,1.347218889,1.351630289,0.0044114,0,0,0,0,0,0,0,0,0,0,0,0,0,0,0,0,0,0,0,0,0,0,0,0,0,0,Skunk
14,Skunk,no_LW_Channel,2005,2007,45347.98872,48776.47567,1854.536415,5283.023278,-3428.486863,1042.602467,1048.949209,2.898363187,2.801453223,-0.096909964,2.098543634,2.090927893,-0.007615741,1.351630289,1.365462993,0.013832704,0,0,0,2,0,0,0,0,0,0,4.10E-05,0,2.21E-05,2.21E-05,0,0,0,0,0,0,0,0,0,0,0,0,Skunk
15,Skunk,no_LW_Channel,2007,2008,48776.47567,55518.8548,566.0545581,7308.433821,-6742.379263,1048.949209,1048.219002,2.801453223,2.636268255,-0.165184968,2.090927893,2.100693798,0.009765906,1.365462993,1.352162771,-0.013300222,0,0,2,0,4.10E-05,0,2.05E-05,2.05E-05,0,0,0,0,0,0,0,0,0,0,0,0,0,0,0,0,0,0,Skunk
16,Skunk,no_LW_Channel,2008,2009,55518.8548,53160.84137,4350.967057,1992.953732,2358.013325,1048.219002,1045.90969,2.636268255,2.696642568,0.060374313,2.100693798,2.10731789,0.006624092,1.352162771,1.349248327,-0.002914444,0,0,0,0,0,0,0,0,0,0,0,0,0,0,0,0,0,0,0,0,0,0,0,0,0,0,Skunk
17,Skunk,no_LW_Channel,2009,2011,53160.84137,60435.87516,1318.956437,8593.990135,-7275.033697,1045.90969,1060.739693,2.696642568,2.576671761,-0.119970806,2.10731789,2.116911085,0.009593195,1.349248327,1.37692379,0.027675463,0,1397.863435,0,12,0,0,0,0,0,0,0.000198558,9.41E-05,0,0.000131676,0,0,0,0,0,0,0,0.023129696,7.52E-05,0,3.76E-05,0,Skunk
18,Skunk,no_LW_Channel,2011,2013,60435.87516,59018.66657,3551.933515,2134.724839,1417.208676,1060.739693,1044.625151,2.576671761,2.604183229,0.027511468,2.116911085,2.146894425,0.02998334,1.37692379,1.354077281,-0.022846509,1397.863435,0,12,4,0.000198558,8.27E-05,0,0.000115825,0,0,6.78E-05,3.31E-05,1.65E-05,1.65E-05,0,0.023129696,6.62E-05,0,3.31E-05,0,0,0,0,0,0,0,Skunk
19,Skunk,no_LW_Channel,2013,2014,59018.66657,60267.63021,1580.56933,2829.532931,-1248.963601,1044.625151,1065.651475,2.604183229,2.588942967,-0.015240262,2.146894425,2.114239986,-0.032654439,1.354077281,1.381604658,0.027527377,0,0,4,0,6.78E-05,3.39E-05,1.69E-05,1.69E-05,0,0,0,0,0,0,0,0,0,0,0,0,0,0,0,0,0,0,Skunk
20,Skunk,no_LW_Channel,2014,2015,60267.63021,62404.5357,1227.260332,3364.165926,-2136.905594,1065.651475,1076.183845,2.588942967,2.566747065,-0.022195902,2.114239986,2.112076362,-0.002163624,1.381604658,1.382706819,0.001102161,0,0,0,5,0,0,0,0,0,0,8.01E-05,6.64E-05,0,1.66E-05,0,0,0,0,0,0,0,0,0,0,0,0,Skunk
21,Skunk,no_LW_Channel,2015,2017,62404.5357,54116.9625,9350.533348,1062.960118,8287.573231,1076.183845,1084.161298,2.566747065,2.814368692,0.247621626,2.112076362,2.140714393,0.028638031,1.382706819,1.400559552,0.017852734,0,1235.548847,5,16,8.01E-05,6.41E-05,0,1.60E-05,0,0,0.000295656,0.000112171,6.41E-05,8.01E-05,0,0,0,0,0,0,0,0.022831083,6.41E-05,1.60E-05,8.01E-05,0,Skunk
22,Skunk,no_LW_Channel,2017,2019,54116.9625,60422.52527,1292.303443,7597.866184,-6305.562741,1084.161298,1084.666004,2.814368692,2.641779427,-0.172589264,2.140714393,2.12229081,-0.018423583,1.400559552,1.40121155,0.000651997,1235.548847,112.5371764,16,14,0.000295656,0.000129349,7.39E-05,9.24E-05,0,0,0.000231702,9.24E-05,1.85E-05,0.000147828,0,0.022831083,7.39E-05,1.85E-05,9.24E-05,0,0,0.001862504,1.85E-05,0,0,0,Skunk
23,Skunk,no_LW_Channel,2019,2021,60422.52527,49912.43497,10990.26526,480.1749771,10510.09028,1084.666004,1104.051277,2.641779427,2.950090573,0.308311145,2.12229081,2.116193695,-0.006097115,1.40121155,1.413263018,0.012051468,112.5371764,358.9292747,14,9,0.000231702,8.28E-05,1.66E-05,0.000132401,0,0,0.000180316,4.97E-05,3.31E-05,6.62E-05,0,0.001862504,1.66E-05,0,0,0,0,0.007191179,3.31E-05,0,1.66E-05,0,Skunk
24,Skunk,no_LW_Channel,2021,2023,49912.43497,50638.42467,1991.438171,2717.427989,-725.9898185,1104.051277,1113.943686,2.950090573,2.922943518,-0.027147054,2.116193695,2.093158966,-0.023034728,1.413263018,1.425925996,0.012662977,358.9292747,721.6064345,9,18,0.000180316,6.01E-05,4.01E-05,8.01E-05,0,0,0.000355461,0.000180316,0,0.000180316,0,0.007191179,4.01E-05,0,2.00E-05,0,0,0.014250175,4.01E-05,0,2.00E-05,0,Skunk
1,Snoqualmie,LW_Channel,2006,2009,27054.46602,23519.59076,7618.301053,4083.426291,3534.874761,1061.263942,1152.77313,3.635557427,4.263618954,0.628061528,1.997432058,2.01073275,0.013300693,2.355699072,2.550848694,0.195149622,1679.155003,1687.394794,0,1,0,0,0,0,0,0,4.25E-05,0,0,3.70E-05,0,0.062065723,7.39E-05,3.70E-05,0,0,3.70E-05,0.071744224,0,7.39E-05,0,0,Snoqualmie
2,Snoqualmie,LW_Channel,2009,2011,23519.59076,19843.08835,7233.991219,3557.488091,3676.503129,1152.77313,1235.300363,4.263618954,4.874561008,0.610942054,2.01073275,1.970482156,-0.040250595,2.550848694,2.725141756,0.174293062,1687.394794,3771.039493,1,0,4.25E-05,0,0,4.25E-05,0,0,0,0,0,0,0,0.071744224,0,8.50E-05,0,0,4.25E-05,0.190042972,0,4.25E-05,0,0,Snoqualmie
3,Snoqualmie,LW_Channel,2011,2013,19843.08835,18630.40894,1327.893249,115.2139165,1212.679332,1235.300363,1126.482665,4.874561008,5.01491475,0.140353742,1.970482156,2.154046963,0.183564808,2.725141756,2.497963001,-0.227178755,3771.039493,1794.708187,0,0,0,0,0,0,0,0,0,0,0,0,0,0.190042972,0,5.04E-05,0,0,0.000151186,0.096332195,0,0,0,0,Snoqualmie
4,Snoqualmie,LW_Channel,2013,2015,18630.40894,23671.29143,1972.171099,7013.053692,-5040.882592,1126.482665,1157.215665,5.01491475,4.120975921,-0.893938829,2.154046963,1.942234575,-0.211812388,2.497963001,2.560794142,0.062831141,1794.708187,4270.772035,0,0,0,0,0,0,0,0,0,0,0,0,0,0.096332195,0,0,0,0,0.000107351,0.1804199,0,0,0,0,Snoqualmie
5,Snoqualmie,LW_Channel,2015,2017,23671.29143,23198.69125,3855.099026,3382.498968,472.6000577,1157.215665,1151.565976,4.120975921,4.10772674,-0.013249181,1.942234575,1.925969453,-0.016265122,2.560794142,2.578317696,0.017523554,4270.772035,2370.58002,0,3,0,0,0,0,0,0,0.000129318,8.45E-05,4.22E-05,0,0,0.1804199,0,0,0,0,0.000168981,0.102185938,0,0,0,0,Snoqualmie
6,Snoqualmie,LW_Channel,2017,2019,23198.69125,22170.21298,4162.177108,3133.698738,1028.47837,1151.565976,1167.309188,4.10772674,4.114542225,0.006815485,1.925969453,1.860482049,-0.065487404,2.578317696,2.608524387,0.030206691,2370.58002,1365.120747,3,1,0.000129318,8.62E-05,4.31E-05,0,0,0,4.51E-05,0,4.31E-05,0,0,0.102185938,0,0,0,0,0.000129318,0.061574544,0,0,0,0,Snoqualmie
7,Snoqualmie,LW_Channel,2019,2023,22170.21298,23986.61618,1770.772563,3587.175778,-1816.403215,1167.309188,1166.774202,4.114542225,4.071444296,-0.043097929,1.860482049,1.915804126,0.055322076,2.608524387,2.570086055,-0.038438332,1365.120747,1222.647865,1,1,4.51E-05,0,4.51E-05,0,0,0,4.17E-05,0,4.51E-05,0,0,0.061574544,0,0,0,0,4.51E-05,0.050972086,0,0.000135317,0,0,Snoqualmie
8,Snoqualmie,no_LW_Channel,2006,2009,12611.99654,15251.76179,303.0975404,2942.862677,-2639.765137,494.3840044,493.0376511,2.388471987,2.105848307,-0.282623681,1.923324637,1.869872252,-0.053452385,1.89305976,1.896057115,0.002997356,0,0,0,0,0,0,0,0,0,0,0,0,0,0,0,0,0,0,0,0,0,0,0,0,0,0,Snoqualmie
9,Snoqualmie,no_LW_Channel,2009,2011,15251.76179,15857.34264,2026.759355,2632.340239,-605.5808845,493.0376511,756.0752531,2.105848307,2.916884974,0.811036667,1.869872252,1.722163645,-0.147708608,1.896057115,2.853404153,0.957347038,0,0,0,0,0,0,0,0,0,0,0,0,0,0,0,0,0,0,0,0,0,0,0,0,0,0,Snoqualmie
10,Snoqualmie,no_LW_Channel,2011,2013,15857.34264,15065.63318,2580.808533,1789.099133,791.7094002,756.0752531,640.0976914,2.916884974,2.562895418,-0.353989555,1.722163645,1.742140794,0.01997715,2.853404153,2.435589339,-0.417814815,0,0,0,0,0,0,0,0,0,0,0,0,0,0,0,0,0,0,0,0,0,0,0,0,0,0,Snoqualmie
11,Snoqualmie,no_LW_Channel,2013,2015,15065.63318,15288.27665,1659.128934,1881.772398,-222.6434642,640.0976914,625.1894347,2.562895418,2.567592404,0.004696985,1.742140794,1.800108367,0.057967573,2.435589339,2.363208445,-0.072380894,0,0,0,0,0,0,0,0,0,0,0,0,0,0,0,0,0,0,0,0,0,0,0,0,0,0,Snoqualmie
12,Snoqualmie,no_LW_Channel,2015,2017,15288.27665,18024.44486,953.7436384,3689.911356,-2736.167717,625.1894347,606.5666012,2.567592404,2.35924023,-0.208352174,1.800108367,1.851098601,0.050990234,2.363208445,2.318305664,-0.044902781,0,0,0,0,0,0,0,0,0,0,0,0,0,0,0,0,0,0,0,0,0,0,0,0,0,0,Snoqualmie
13,Snoqualmie,no_LW_Channel,2017,2019,18024.44486,15473.83033,3460.934414,910.3203956,2550.614019,606.5666012,665.2277116,2.35924023,2.596296301,0.237056071,1.851098601,1.72102734,-0.130071261,2.318305664,2.515436382,0.197130719,0,0,0,0,0,0,0,0,0,0,0,0,0,0,0,0,0,0,0,0,0,0,0,0,0,0,Snoqualmie
14,Snoqualmie,no_LW_Channel,2019,2023,15473.83033,16334.84914,2217.227223,3078.246233,-861.019011,665.2277116,679.263869,2.596296301,2.736338241,0.14004194,1.72102734,1.825129822,0.104102482,2.515436382,2.568911488,0.053475106,0,0,0,0,0,0,0,0,0,0,0,0,0,0,0,0,0,0,0,0,0,0,0,0,0,0,Snoqualmie